{"form": [6], "x": 0.8301703059098684, "child": [{"x": 0.47175802482877427, "form": [5, 1], "child": [{"x": 5e-323, "form": [4, 1, 1], "child": [{"x": 2.5e-323, "form": [3, 1, 1, 1], "child": [{"x": 0, "form": [2, 1, 1, 1, 1], "child": []}]}]}, {"x": 0.9999999999999996, "form": [3, 2, 1], "child": [{"x": 1, "form": [2, 2, 1, 1], "child": []}]}]}, {"x": 0.9999999999999991, "form": [4, 2], "child": [{"x": 0.9999999999999996, "form": [3, 2, 1], "child": [{"x": 1, "form": [2, 2, 1, 1], "child": []}]}]}]}
